{
  "initial_capital": 10000,
  "final_value": 10210.179145438027,
  "total_return": 0.021017914543802727,
  "sharpe_ratio": 0.2543197725046406,
  "max_drawdown": -0.20428798960682434,
  "win_rate": 0.4,
  "num_trades": 16,
  "avg_trade_return": -0.01111547300489633,
  "buy_and_hold_return": -0.2007939916743599,
  "ml_direction_accuracy": 0.5138121546961326,
  "ml_price_rmse": 9238.114378669597,
  "rsi_signal_win_rate": 0,
  "macd_signal_win_rate": 0,
  "fg_correlation": 0.005193992148181381,
  "dca_win_rate": 0.4,
  "swing_win_rate": 0,
  "stop_loss_win_rate": 0
}